id,exhibitor_id,company_name,hall,nivel,stand,city,cities,category,product,website,logo_url,econexia_url,description_es,status,source
gsi-2026-08-164A,821241,A&T INCONSER,08,01,164A,CARMEN DE APICALA,otro,,,https://aytinconser.com,https://cloud.corferias.co/service/cat_exp/doc_detalle.cfm?id=55451,,"A&T Inversiones, Construcciones y Servicios S.A.S. es una empresa dedicada al desarrollo y comercialización de proyectos urbanísticos, especializada en la venta de lotes con financiación directa. Nuestro compromiso es brindar oportunidades de inversión seguras, ofreciendo proyectos de calidad que generan valorización y bienestar para nuestros clientes.",captured,catalog
gsi-2026-06-527,817424,AR CONSTRUCCIONES,06,01,527,BOGOTA D.C.,bogota,vis;no_vis,PROYECTOS VIS Y NOVIS,http://www.arconstrucciones.com,,https://econexia.com/es/vitrina-detalle-expositor/estilo-de-vida-y-consumo/empresa/&seller_tracking_id=BC74A198-7ACC-F011-AF7C-C374EF0A92CD&shop_tracking_id=0,,captured,catalog
gsi-2026-06-113,817941,ACCIÓN INMOBILIARIA,06,01,113,BOGOTA D.C.,bogota,servicios,"CAPTACION DE INMUEBLES, CAPTACION DE CLIENTES COMPRANDO Y ARRENDANDO Y CAPTACION DE AGENTES INMOBILIARIOS INDEPENDIENTES.",,,,,captured,catalog
gsi-2026-07-228,818555,ALMERIA DEVELOPERS,07,01,228,MIAMI,internacional,financiero;comercio;inversion,"Finca Raíz para Invertir en USA Oportunidades de inversión en bienes raíces en Estados Unidos. Asesoramos a inversionistas internacionales en la compra de propiedades residenciales y comerciales, con opciones de alta rentabilidad en mercados estratégicos. Acompañamiento integral desde la selección del inmueble hasta el cierre de la operación. Préstamos de Construcción Financiamiento especializado para proyectos de construcción en Estados Unidos. Ofrecemos líneas de crédito diseñadas para desarrolladores y constructores",http://almeriafl.com,https://cloud.corferias.co/service/cat_exp/doc_detalle.cfm?id=56203,https://econexia.com/es/vitrina-detalle-expositor/estilo-de-vida-y-consumo/empresa/&seller_tracking_id=A61A739F-0E91-F111-AF8F-FBBFABF658F0&shop_tracking_id=0,,captured,catalog
gsi-2026-07-243,815230,ALTIUS PANAMA,07,01,243,PANAMA,internacional,vivienda,"Exhibiremos varios desarrollos de apartamentos residenciales en el centro de la Ciudad de Panamá, entre ellos: More Vía Argentina https://more.com.pa/ y Nostrum Obarrio https://www.nostrum.com.pa/",http://altius.com.pa,,,,captured,catalog
gsi-2026-06-302A,805409,AMARILO S A S,06,01,302A,BOGOTA D.C.,bogota,,,https://amarilo.com.co/,,https://econexia.com/es/vitrina-detalle-expositor/estilo-de-vida-y-consumo/empresa/&seller_tracking_id=8275A198-7ACC-F011-AF7C-C374EF0A92CD&shop_tracking_id=0,,captured,catalog
gsi-2026-05-116,827471,AMBIENTTI CONSTRUCTORA INMOBILIARIA S.A./CONSTRUCTORA KOVOK SAS,05,01,116,BOGOTA D.C.,bogota,vivienda;servicios,VENTAS DE CASAS Y APARTAMENTOS,http://www.ambientti.com.co,,,,captured,catalog
gsi-2026-08-202A,805724,APIROS,08,01,202A,BOGOTA D.C.,bogota,vis;no_vis;vivienda,"Proyectos de apartamentos VIS y NO VIS ubicados en Bogotá, Soacha y Barranquilla",https://apiros.com.co/,https://cloud.corferias.co/service/cat_exp/doc_detalle.cfm?id=54801,https://econexia.com/es/vitrina-detalle-expositor/estilo-de-vida-y-consumo/empresa/&seller_tracking_id=D075A198-7ACC-F011-AF7C-C374EF0A92CD&shop_tracking_id=0,,captured,catalog
gsi-2026-06-445,808560,ARANJUEZ CONSTRUCCIONES,06,01,445,BOGOTA D.C.,bogota,,,,,,,captured,catalog
gsi-2026-06-228,804481,ARQUITECTURA Y CONCRETO,06,01,228,BOGOTA D.C.,bogota,comercio;vivienda,"Lotes, casas, apartamentos, oficinas y locales",http://www.arquitecturayconcreto.com,https://cloud.corferias.co/service/cat_exp/doc_detalle.cfm?id=52780,https://econexia.com/es/vitrina-detalle-expositor/estilo-de-vida-y-consumo/empresa/&seller_tracking_id=0476A198-7ACC-F011-AF7C-C374EF0A92CD&shop_tracking_id=0,,captured,catalog
gsi-2026-08-274A,821980,CONSTRUCTORA SIGLO XXI SANTODOMINGO SAS,08,01,274A,BOGOTA D.C.,bogota,,,,,,,captured,catalog
gsi-2026-08-328,820797,ARTIS URBANO,08,01,328,BOGOTA D.C.,bogota,vis;no_vis;vivienda,VIVIENDA VIS Y NO VIS EN BOGOTÁ Y ZIPAQUIRÁ,http://www.artisurbano.com,,https://econexia.com/es/vitrina-detalle-expositor/estilo-de-vida-y-consumo/empresa/&seller_tracking_id=1576A198-7ACC-F011-AF7C-C374EF0A92CD&shop_tracking_id=0,,captured,catalog
gsi-2026-08-378,826634,ARB,08,01,378,BOGOTA D.C.,bogota,,"PRESTACION DE SERVICIO PUBLICO DE ASEO EN EL COMPONENTE DE APROVECHAMIENTO. FABRICACION DE PERFILES, MOVILIARIO, ESTRUCTURA E INMUEBLES, LAMINA Y MANGUERA PARA RIEGO A PARTIR DE PLASTICO RECICLADO, TRANSFORMACION (PELETIZADO, MOLIDO, AGLUTINADO) DE PLASTICOS PARA LA INDUSTRIA. DISEÑO DE INMOBILIARIO Y ESTRUCTURA EN MADERA PLASTICA.",http://www.asociacionrecicladoresbogota.org,,,,captured,catalog
gsi-2026-08-372A,821019,ESTRENAR VIVIENDA,08,01,372A,BOGOTA D.C.,bogota,financiero;vivienda,"Revista y portal Web que contienen la oferta de Proyectos de Vivienda Nueva en Bogotá, Alrededor de Bogotá y en Zonas del País y la Línea de Financiación de Crédito Hipotecario",http://www.estrenarvivienda.com,,,,captured,catalog
gsi-2026-07-258,823468,ACOBIR,07,01,258,PANAMA,internacional,,SERVICIOS DE PROMOCION DE NUESTROS EVENTOS Y DE LO QUE OFRECEMOS COMO ASOCIACIÓN A NUESTROS AGREMIADOS,http://www.acobir.com,https://cloud.corferias.co/service/cat_exp/doc_detalle.cfm?id=55206,https://econexia.com/es/vitrina-detalle-expositor/estilo-de-vida-y-consumo/empresa/&seller_tracking_id=A8B3763F-A387-F111-AF8F-FBBFABF658F0&shop_tracking_id=0,,captured,catalog
gsi-2026-05-117,826334,ASOVICOL DE SAN MIGUEL,05,01,117,VILLETA,otro,,,,,,,captured,catalog
gsi-2026-06-234,804537,ASUL S.A.S,06,01,234,PEREIRA,eje_cafetero,vis;no_vis;comercio,"BODEGAS, OFICINAS, PROYECTOS VIS, NO VIS",http://www.asul.com.co,,,,captured,catalog
gsi-2026-06-633,803628,B & G CONSTRUCCIONES S.A.S,06,01,633,LA MESA,otro,vivienda,"Los tres proyectos de vivienda ubicados en La Mesa representan una oferta integral para diferentes estilos de vida. Altos del Refugio combina apartamentos y casas diseñados para quienes buscan comodidad y cercanía a servicios, manteniendo un ambiente residencial y funcional. Cerro ofrece igualmente una mezcla de apartamentos y casas, destacándose por su diseño contemporáneo y su ubicación estratégica que permite disfrutar de vistas privilegiadas y una conexión directa con la naturaleza. Finalmente, Bosques Gerizim se orienta a viviendas campestres, conformadas por casas que priorizan amplios espacios, tranquilidad y une stilo de vida más rural, ideal para quienes desean vivir rodeados de vegetación y paisajes propios de La Mesa.",http://www.bygconstrucciones.com,,https://econexia.com/es/vitrina-detalle-expositor/estilo-de-vida-y-consumo/empresa/&seller_tracking_id=B676A198-7ACC-F011-AF7C-C374EF0A92CD&shop_tracking_id=0,,captured,catalog
gsi-2026-06-402,809182,BBVA COLOMBIA,06,01,402,BOGOTA D.C.,bogota,financiero;vivienda,Oferta de portafolio financiero de productos para la adquisición de vivienda,http://www.bbva.com.co,,,,captured,catalog
gsi-2026-06-202,809166,BANCO CAJA SOCIAL S.A.,06,01,202,BOGOTA D.C.,bogota,financiero,Productos Financieros,https://www.bancocajasocial.com/creditos-de-vivienda/,https://cloud.corferias.co/service/cat_exp/doc_detalle.cfm?id=55902,https://econexia.com/,"El Banco Caja Social, empresa de Fundación Grupo Social, lleva más de 115 años contribuyendo al desarrollo social y económico de Colombia. A través de su actividad financiera, promueve la inclusión y acompaña a las personas, familias, microempresarios, pequeñas y medianas empresas, el sector inmobiliario y otros segmentos con soluciones que responden a sus necesidades y contribuyen a su bienestar financiero, Con más de 2,4 millones de clientes y presencia en 875 municipios del país, reafirma su compromiso con el bienestar de sus clientes y el desarrollo del país.",captured,catalog
gsi-2026-07-169,809891,"Clara Robinson PA, Property Management",07,01,169,PEMBROKE PINES,otro,,"Administración de propiedades en el Sur &Central Florida, Detroit -Michigan & Cleveland -Ohio.",,https://cloud.corferias.co/service/cat_exp/doc_detalle.cfm?id=56112,,"Ofrecemos servicios profesionales de administración para casas unifamiliares, condominios y casas adosadas en Florida y Detroit. Nuestro equipo cuenta con amplia experiencia y es completamente bilingüe en inglés y español, lo que nos permite mantener una comunicación clara con propietarios, inquilinos, proveedores y agencias de vivienda. También trabajamos con programas gubernamentales de asistencia para vivienda, incluyendo Sección 8, en múltiples ciudades. Nuestro objetivo es brindar a los propietarios un servicio integral, confiable y 100 % transparente.",captured,catalog
gsi-2026-07-233,821785,EFC GROUP,07,01,233,PANAMA,internacional,,,,https://cloud.corferias.co/service/cat_exp/doc_detalle.cfm?id=56196,,""" ELEVAMOS TU CALIDAD DE VIDA Somos una empresa inmobiliaria con más de 15 años de experiencia en el diseño, desarrollo y gestión de proyectos funcionales de vivienda y oficinas. Actualmente contamos con una interesante oferta dirigida al mercado inversionista Colombiano, por esta razón llegamos por primera vez al Gran Salón Inmobiliario, con nestros proyectos APRES y Park Square, ubicados en Ciudad de Panamá.""",captured,catalog
gsi-2026-08-155A,824712,COLETTA Y FAZZI,08,01,155A,CARTAGENA,cartagena,,Proyectos inmobiliarios,,https://cloud.corferias.co/service/cat_exp/doc_detalle.cfm?id=56091,,,captured,catalog
gsi-2026-08-149B,825305,COLOMBIA CMF SA,08,01,149B,BOGOTA D.C.,bogota,,,https://www.cmfsa.com/,https://cloud.corferias.co/service/cat_exp/doc_detalle.cfm?id=55989,,"CMF Constructora es una compañía colombiana con más de 25 años de experiencia en la gestión y construcción de proyectos inmobiliarios integrales. Desarrollamos proyectos residenciales, comerciales e industriales, acompañando cada etapa del proceso, desde la estructuración y el diseño hasta la construcción y comercialización. Trabajamos con ética, eficiencia y calidad, transformando ideas en proyectos que generan valor y contribuyen al desarrollo de las ciudades y sus comunidades.",captured,catalog
gsi-2026-06-534,805397,CONALTURA CONSTRUCCION Y VIVIENDA S.A.S,06,01,534,MEDELLIN,medellin,vivienda,,http://www.conaltura.com,,,,captured,catalog
gsi-2026-06-233,804858,CONFIAR COOP,06,01,233,MEDELLIN,medellin,vivienda,"Productos y servicios de ahorro, crédito y beneficios. Proyectos de vivienda.",http://www.confiar.coop,,,,captured,catalog
gsi-2026-08-129A,819834,MALECÓN 72,08,01,129A,BARRANQUILLA,barranquilla,,Proyectos inmobiliarios en la Costa Caribe,https://www.ydn.com.co/,,,,captured,catalog
gsi-2026-08-102A,799433,CONSTRUCCIONES BUEN VIVIR SAS,08,01,102A,BOGOTA D.C.,bogota,,,http://wwww.buenvivir.co,,,,captured,catalog
gsi-2026-06-343,804843,CONSTRUCCIONES DESIGNCAD SAS,06,01,343,MELGAR,otro,comercio;vivienda,"Venta de Lotes Urbanos en Conjunto Cerrado ubicados en el Municipio de Melgar-Tolima, proyectos denominados Reservas de Santillana, Santillana de las Flores. Y venta de locales comerciales en Zona Comercial Reservas Mall.",http://www.dcmelgar.com,https://cloud.corferias.co/service/cat_exp/doc_detalle.cfm?id=54931,,"DesignCAD es una constructora y desarrolladora inmobiliaria con más de 20 años de experiencia, dedicada a crear proyectos que transforman la inversión en calidad de vida. Desarrollamos espacios pensados para quienes buscan una segunda vivienda, una oportunidad de valorización o el lugar ideal para construir nuevos recuerdos. En el Gran Salón Inmobiliario presentamos proyectos que combinan urbanismo, diseño arquitectónico y financiación directa, ofreciendo a nuestros clientes un acompañamiento integral desde la elección del lote hasta la construcción de su hogar.",captured,catalog
gsi-2026-06-214,806180,CONSTRUCCIONES PLANIFICADAS,06,01,214,BOGOTA D.C.,bogota,comercio;vivienda,Ventas de vivienda y oficinas,https://www.construccionesplanificadas.com/,https://cloud.corferias.co/service/cat_exp/doc_detalle.cfm?id=54480,,"Construcciones Planificadas: Cuenta con una amplia gama de proyectos que abarcan vivienda, centros comerciales, hoteles de lujo y centros hospitalarios de alta complejidad. Hemos desarrollado con éxito una serie de proyectos que han transformado comunidades.",captured,catalog
gsi-2026-06-129,803978,CONSTRUCTORA ARDGUZ,06,01,129,IBAGUE,otro,,,https://www.ardguz.com.co/,,,,captured,catalog
gsi-2026-06-414,803634,CONSTRUCTORA BOLIVAR BOGOTA,06,01,414,BOGOTA D.C.,bogota,vivienda,Apartamentos y Casas nivel nacional,http://www.constructorabolivar.com/,https://cloud.corferias.co/service/cat_exp/doc_detalle.cfm?id=56211,,,captured,catalog
gsi-2026-ALB-43,807008,CONSTRUCTORA CAPITAL BOGOTA S.A.S.,ALB,01,43,BOGOTA D.C.,bogota,,,http://www.constructoracapital.com,https://cloud.corferias.co/service/cat_exp/doc_detalle.cfm?id=55970,,,captured,catalog
gsi-2026-06-347,807357,CONSTRUCTORA CASA VERDE,06,01,347,IBAGUE,otro,vivienda,"Lotes campestres en la ciudad de Alvarado, Lérida, Totumo y Espinal en el Tolima",http://www.constructoracasaverde.com,https://cloud.corferias.co/service/cat_exp/doc_detalle.cfm?id=55242,,"Constructora Casa Verde es una empresa inmobiliaria con más de 18 años de experiencia en el desarrollo y comercialización de proyectos de vivienda, lotes urbanos y campestres en el departamento del Tolima. Nos caracterizamos por ofrecer proyectos confiables, con excelente ubicación, matrículas inmobiliarias independientes y opciones de financiación directa, con cuotas fijas y sin intereses. Nuestro propósito es ayudar a las familias colombianas, tanto en Colombia como en el exterior, a construir su patrimonio y hacer realidad el sueño de tener un terreno propio. A lo largo de nuestra trayectoria hemos desarrollado y entregado diferentes proyectos inmobiliarios, brindando acompañamiento personalizado, seguridad jurídica y alternativas de inversión adaptadas a las necesidades de cada cliente. En Constructora Casa Verde no vendemos expectativas: ofrecemos proyectos reales, oportunidades de inversión y espacios para construir un mejor futuro.",captured,catalog
gsi-2026-ALB-103,"806263, 806226, 806246, 806223, 806278, 806272, 806220, 806259, 806236, 806261, 806250, 806234, 806269, 806232, 806230",CONSTRUCTORA COLPATRIA,ALB,01,"103, 104, 108, 116, 124, 125, 132, 136, 139, 145, 151, 152, 155, 160, 162",BOGOTA D.C.,bogota,,Proyectos Inmobiliarios,http://www.constructoracolpatria.com,,,,captured,catalog
gsi-2026-06-128,804217,CONSTRUCTORA CONCONCRETO,06,01,128,MEDELLIN,medellin,,N/A,https://conconcreto.com/,,,,captured,catalog
gsi-2026-05-114,827685,CONSTRUCTORA HABITAT DE LOS ANDES SAS,05,01,114,BOGOTA D.C.,bogota,financiero;comercio;vivienda;inversion;servicios,"Desarrollo, promoción y comercialización de proyectos inmobiliarios de vivienda. Asesoría personalizada para la adquisición de inmuebles, inversión inmobiliaria, financiación y acompañamiento integral durante el proceso de compra.",,,,,captured,catalog
gsi-2026-06-340A,"805394, 817083",CONSTRUCTORA JIMENEZ S.A.,"06, 08",01,"06-340A, 08-111A",SANTA MARTA,otro,comercio;inversion,Proyecto Delventto ya terminado con unidades por comercializar (28 por comercializar) y Proyecto Delventto Mare recién lanzado con enfoque de rentas cortas (536 und),http://www.constructorajimenez.com,https://cloud.corferias.co/service/cat_exp/doc_detalle.cfm?id=56207,,"En Promotora Jiménez S.A.S. hacemos realidad proyectos inmobiliarios con sello de excelencia. Cubrimos de manera integral todo el ciclo de valor: diseñamos, gerenciamos, promovemos y construimos proyectos residenciales, turísticos y comerciales que destacan por su innovación, calidad y diseño funcional. Acompañamos a nuestros clientes e inversionistas garantizando transparencia, respaldo y máxima rentabilidad. Nos motiva construir espacios donde las familias prosperen, los turistas vivan experiencias memorables y los inversionistas alcancen su máximo potencial. En Promotora Jiménez S.A.S nos sentimos orgullosos de nuestras raíces. Nacimos con el ADN y crecimos respaldados por la trayectoria de 40 años de Constructora Jiménez, aprendiendo de los mejores en el sector. Hoy, nuestra promotora es una empresa 100% independiente, con autonomía financiera, operativa y estratégica propia. Mantenemos el mismo estándar y la misma garantía de siempre.",captured,catalog
gsi-2026-07-282,824800,PH ESTELA,07,01,282,PANAMA,internacional,vivienda;inversion,"Venta de apartamentos en la ciudad de Panamá - PH ESTELA Promoción, exhibición y venta de apartamentos del proyecto residencial PH ESTELA, ubicado en San Francisco, Ciudad de Panamá. Se brindará información detallada sobre el proyecto y asesoría personalizada para compradores e inversionistas.",,,,,captured,catalog
gsi-2026-05-118,826733,MARDEL S.A.S,05,01,118,BUCARAMANGA,otro,vis;no_vis,1. Proyecto Montebello de Mardel ( VIS). 2. Proyecto Lagos de Mardel (NO VIS),,https://cloud.corferias.co/service/cat_exp/doc_detalle.cfm?id=56188,,Empresa constructora con más de 37 años de experiencia creando realidades que superan expectativas en el Área Metropolitana de Bucaramanga.,captured,catalog
gsi-2026-08-112A,809312,CONSTRUCTORA OPEN,08,01,112A,BOGOTA D.C.,bogota,vivienda,VENTA DE APARTAMENTOS ENTRE,http://constructoraopen.com.co,https://cloud.corferias.co/service/cat_exp/doc_detalle.cfm?id=54980,,"Somos una empresa de construcción con más de 20 años de experiencia. Nuestro propósito es enriquecer la vida. No construimos edificios. Construimos espacios que cambian la vida de las personas: una vida más plena, próspera y significativa.",captured,catalog
gsi-2026-06-245,823153,SAOMA SAS,06,01,245,CARTAGENA,cartagena,comercio,INMOBILIARIO- DERECHOS FIDUCIARIOS CENTRO COMERCIAL,,https://cloud.corferias.co/service/cat_exp/doc_detalle.cfm?id=56083,,,captured,catalog
gsi-2026-06-244,816132,CONSTRUCTORA SORIANO,06,01,244,ARMENIA,eje_cafetero,,,http://www.constructorasoriano.com,https://cloud.corferias.co/service/cat_exp/doc_detalle.cfm?id=55492,,"En Constructora Soriano, creemos que cada ladrillo cuenta una historia, y cada proyecto es una oportunidad para transformar vidas. Desde 1997 hemos hecho parte del crecimiento y desarrollo del Eje Cafetero, no solo construyendo edificaciones, sino creando lugares donde las personas puedan vivir, crecer y soñar.",captured,catalog
gsi-2026-06-248,812520,CPI LOS PUEBLOS,06,01,248,MEDELLIN,medellin,,"Se exhibirá en gran medida el proyecto PUEBLO PANACA, proyecto turístico inmobiliario que hace parte del PROYECTO TURISTICO ESPECIAL TERRITORIO PANACA (Primer PTE de COLOMBIA), además, de los proyectos que se tienen en Caldas y Antioquia.",http://www.pueblopanca.com,https://cloud.corferias.co/service/cat_exp/doc_detalle.cfm?id=53243,,"Constructora y Promotora Inmobiliaria Los Pueblos, desarrollador del Primer Proyecto Turistico Especial de Colombia en el eje cafetero.",captured,catalog
gsi-2026-08-364,805420,COOTRADECUN,08,01,364,BOGOTA D.C.,bogota,vis;no_vis;vivienda,4 Proyectos de vivienda: Rancho grande / Melgar Tolima (Condominio Campestre) - El Pedregal parque residencial / Fusagasugá Cundinamarca (Apartamentos NO VIS) - Arrayanes de peñalista ll / Ricaurte Cundinamarca (Apartamentos VIP y VIS) - Reservas de Guance / Pacho Cundinamarca (lotes urbanizados) Servicios de crédito y asociación,http://www.cootradecun.com,,,,captured,catalog
gsi-2026-ALB-53,823167,Pruebas Corferias,ALB,01,53,BOGOTA D.C.,bogota,,,http://www.corferias.com,,,,captured,catalog
gsi-2026-08-183B,824762,CORPORACIÓN UNIVERSITARIA TALLER CINCO CENTRO DE DISEÑO,08,01,183B,CHIA,otro,,Servicios de educación Profesional en las áreas del diseño al igual que educación continua (cursos diplomados asesorías),http://www.taller5.edu.co,,,,captured,catalog
gsi-2026-05-101,826850,CRV CONSTRUCCIONES Y URBANIZACIONES SAS,05,01,101,IBAGUE,otro,,,,,,,captured,catalog
gsi-2026-08-389,824993,CSB INMOBILIARIA,08,01,389,BOGOTA D.C.,bogota,vivienda;servicios,Viviendas que cumplen con Ecourbanismo,,https://cloud.corferias.co/service/cat_exp/doc_detalle.cfm?id=56163,,"Empresa dedicada a la estructuración, promoción, diseño y construcción de Proyectos Inmobiliarios",captured,catalog
gsi-2026-08-254A,805818,CUMBRERA S.A.S,08,01,254A,BOGOTA D.C.,bogota,,Proyectos inmobiliarios,,https://cloud.corferias.co/service/cat_exp/doc_detalle.cfm?id=54817,,"CUMBRERA nace en julio de 1996 como una empresa de ingeniería dedicada al diseño, gerencia, construcción y comercialización de proyectos. Con más de 29 años de trayectoria, ha participado en más de 60 proyectos VIS, no VIS, industriales, de oficinas, comercio y urbanismo, aportando al desarrollo de Bogotá y zonas colindantes, así como a la generación de empleo y bienestar.",captured,catalog
gsi-2026-06-334,807465,CUSEZAR,06,01,334,BOGOTA D.C.,bogota,,,http://www.cusezar.com,,,,captured,catalog
gsi-2026-ALB-27,815777,CYPRES CASAS Y PREFABRICADOS,ALB,01,27,MEDELLIN,medellin,vivienda,CASAS PREFABRICADAS,http://www.casascypres.com,,,,captured,catalog
gsi-2026-05-109,826741,PRO2,05,01,109,BOGOTA D.C.,bogota,vis,Proyecto VIS Bogotá SANTA ANA 11 SUR // Proyecto VIS Chía MÁRMARA // Proyecto VIS Chía AVANTI // Condominio Campestres Carmen de Apicalá MONTEARROYO,,,,,captured,catalog
gsi-2026-06-514,805404,DPROPERTY SAS,06,01,514,BOGOTA D.C.,bogota,,Proyectos inmobiliarios en Panamá,http://www.dproperty.com,,,,captured,catalog
gsi-2026-07-134,816781,CIUDAD CAYALÁ,07,01,134,GUATEMALA,otro,vivienda;inversion;servicios,"NUESTROS PRODUCTOS SON PROYECTOS MIXTOS DISEÑADOS PARA QUIENES BUSCAN UNA OPCIÓN DE INVERSIÓN INMOBILIARIA O UNA VIVIENDA PROPIA, LOS PROYECTOS SON: AZALEA: 2 TORRES/ 6-14 NIVELES POR TORRE/ 40 APARTAMENTOS, EONIA: 3 TORRES/ 4-12 NIVELES/ 39 APARTAMENTOS, NOGALES III 4 TORRES 5/7 NIVELES POR TORRE/ 63 APARTAMENTOS AVENIA: 5 TORRES/ 7-8 NIVELES/ 151 APARTAMENTOS",https://cayala.com/inmobiliaria,,,,captured,catalog
gsi-2026-08-353,821775,EDIFICALIA SAS,08,01,353,BOGOTA D.C.,bogota,vis;no_vis;vivienda,"APARTAMENTOS EN CONJUNTO CERRADO VIS Y NO VIS, PROYECTO RIBERA CAMPESTRE - IBAGUE, PROYECTO RIBERA DE LA FLORIDA - PEREIRA, ANDAKI BOSQUE RESIDENCIAL-FLORENCIA, PROYECTOS SAN PABLO-NEIVA",,,,,captured,catalog
gsi-2026-07-288,824117,EMERALD GREEN RESIDENCE,07,01,288,HIGUEY,otro,,,,,,,captured,catalog
gsi-2026-08-384,826684,Eko Group H2O+,08,01,384,BOGOTA D.C.,bogota,,Sistema de recolección y captación de agua lluvia sistema Ekomuro H2O+ con adaptabilidad para agua de consumo,http://www.ekogrouph2o.com,https://cloud.corferias.co/service/cat_exp/doc_detalle.cfm?id=56059,,"Eko Group H2O+ es una empresa colombiana de innovación ambiental que desarrolla soluciones para el aprovechamiento eficiente del agua y la economía circular. Nuestro producto insignia, Ekomuro H2O+, es un sistema modular de captación y almacenamiento de agua lluvia fabricado con materiales reutilizados y reciclados, diseñado para integrarse en viviendas, proyectos inmobiliarios, espacios urbanos y comunidades. Complementamos estas soluciones con tecnologías para la reutilización de aguas grises y el ahorro de agua, contribuyendo a reducir el consumo de agua potable, aprovechar recursos naturales y fortalecer la resiliencia de las edificaciones frente al cambio climático. Nuestro objetivo es llevar la sostenibilidad, la economía circular y la gestión inteligente del agua al sector inmobiliario, ofreciendo soluciones innovadoras que generan beneficios ambientales, sociales y económicos tanto para desarrolladores como para propietarios y comunidades.",captured,catalog
gsi-2026-08-141B,825216,EL POBLADO S.A.S,08,01,141B,BARRANQUILLA,barranquilla,vivienda,VENTA DE LOTES CAMPESTRES,http://www.grupoelpoblado.com,,,,captured,catalog
gsi-2026-07-181,813253,ELITE CAPITAL REALTY INC,07,01,181,DAVENPORT,otro,comercio;inversion,"Exposición de proyectos inmobiliarios en preconstrucción a nivel internacional, incluyendo opciones residenciales y comerciales orientadas a inversión.",,,,,captured,catalog
gsi-2026-07-157,809440,EMPORIUM DEVELOPERS,07,01,157,PANAMA,internacional,turismo;vivienda;inversion,"APARTAMENTOS DE INVERSIÓN CON LICENCIA HOTELERA, IDEALES PARA RENTABILIZAR EN PLATAFORMAS DE ESTANCIA CORTAS DESDE $104,000 CON RETORNOS DE HASTA EL 12% ANUAL",http://www.edpanama.com,https://cloud.corferias.co/service/cat_exp/doc_detalle.cfm?id=53905,,"Nos especializamos en la comercialización y venta de proyectos residenciales innovadores, ubicados en las áreas más estratégicas y exclusivas de Ciudad de Panamá. Respaldados por más de 20 años de trayectoria de Emporium Developers en el sector inmobiliario panameño, nos consolidamos como líderes en el mercado de bienes raíces, conectando a las personas con propiedades que aportan valor y elevan su calidad de vida.",captured,catalog
gsi-2026-08-266A,824641,ESPECIALMENTE S.A.S,08,01,266A,CARTAGENA,cartagena,,,,,,,captured,catalog
gsi-2026-08-2,814846,ESTRATEGIAS URBANISTICAS S.A.S.,08,01,2,PUERTO COLOMBIA,otro,vivienda,VENTA DE LOTES URBANIZADOS,http://www.estrategiasurbanisticas.com/,,,,captured,catalog
gsi-2026-06-650,824784,EZPHERA TECH,06,01,650,BOGOTA D.C.,bogota,,"IMULADOR XR REALIDAD VIRTUAL, AUMENTADA Y MIXTA AVATAR AI INTERACTIVO, JUEGOS INTERACTIVOS, REALIDAD AUMENTADA",http://www.ezphera.net,,,,captured,catalog
gsi-2026-07-276,809485,GRUPO BINIAN,07,01,276,PANAMA,internacional,turismo;vivienda;inversion,"Tendremos 4 proyectos: para compra de apartamentos: 1. Balcony edificio de entrega inmediata con apartamentos de 1, 2 y 3 recamaras con várias amenidades. 2. Altamira residences: apartamentos de 3 Recamaras y 2 baños listo para ocupar ubicado en zona estratégica de la cuidad. 3. Aurora: proyecto en construcción para residencia con apartamentos de 3 y 2 recamaras entrega estimado 2027 y finalmente 4. Soul: apartamentos con licencia hotelera de 1 y 2 recamaras para rensta corta e inversión.",http://www.grupobinian.com,https://cloud.corferias.co/service/cat_exp/doc_detalle.cfm?id=55956,,"Con más de 40 años de experiencia local e internacional, desarrollamos proyectos residenciales y oportunidades de inversión que combinan calidad constructiva, ubicaciones estratégicas y valor a largo plazo para compradores locales e internacionales. Vive mejor. Invierte con inteligencia. Construye un patrimonio duradero!",captured,catalog
gsi-2026-06-142,819797,GRUPO CONSTRUCTOR GRAND HOREB,06,01,142,IBAGUE,otro,financiero;comercio;vivienda;inversion;servicios,"La empresa exhibirá y promocionará el proyecto campestre Valle de Bethel, ofreciendo al público las diferentes alternativas de inversión y adquisición de bienes raíces dentro del proyecto, incluyendo: Lotes campestres urbanizados. Parcelas para construcción de vivienda campestre. Oportunidades de inversión inmobiliaria en un entorno natural y de valorización. Asesoría comercial personalizada para la adquisición de lotes. Información sobre planes de financiación y facilidades de pago. Acompañamiento en el proceso de compra, escrituración y legalización. Presentación de las características, beneficios y proyección de desarrollo del proyecto Valle de Bethel. Durante la feria se brindará atención personalizada a los visitantes, entrega de material informativo y orientación sobre las diferentes opciones disponibles para inversión, recreación y vivienda campestre.",,https://cloud.corferias.co/service/cat_exp/doc_detalle.cfm?id=55771,,"Lotes Campestres Chucuní Ibagué desde 300 M2, construye la casa de tus sueños con la exclusividad de un sitio con portería y seguridad, ruta de caminata al mirador zonas sociales con piscinas, salón social, buenas vías y mucho mas. Separa ya el tuyo con tan solo 3 millones financiación sin interés!!",captured,catalog
gsi-2026-06-125,803777,GRUPO CONSTRUCTOR MERAKI S.A.S. ZOMAC,06,01,125,IBAGUE,otro,vivienda,"VENTA DE CONDOMINIOS, LOTES Y VIVIENDAS CAMPESTRES",http://www.grupoconstructormeraki.com.co,https://cloud.corferias.co/service/cat_exp/doc_detalle.cfm?id=54528,,"Con 26 años de experiencia, Grupo Constructor Meraki es líder en el desarrollo de condominios campestres en el Tolima, con proyectos en Melgar, Alvarado y Mariquita. Ofrecemos lotes y viviendas campestres en clubes de campo con excelente ubicación, valorización garantizada y facilidades de pago. Tu inversión, tu descanso, tu hogar campestre: con Meraki, a la fija.",captured,catalog
gsi-2026-06-449A,803386,GRUPO EMPRESARIAL KINKU,06,01,449A,BOGOTA D.C.,bogota,,,https://kinku.co/,,,,captured,catalog
gsi-2026-05-104,827683,GRUPO EMPRESARIAL OIKOS,05,01,104,BOGOTA D.C.,bogota,,,http://www.oikos.com.co,,,,captured,catalog
gsi-2026-08-158,827995,360 RADIO COLOMBIA,08,01,158,MEDELLIN,medellin,,,,,,,captured,catalog
gsi-2026-07-263,809179,GRUPO GESTIONES REAL ESTATE,07,01,263,PANAMA,internacional,comercio,Propiedades comerciales y residenciales con potencial para invertir en Panamá,http://www.grupogestiones.com,https://cloud.corferias.co/service/cat_exp/doc_detalle.cfm?id=53665,,"Grupo Gestiones Real Estate Panamá ofrece asesoría inmobiliaria y legal especializada en compra, venta y alquiler de propiedades en Panamá. Expertos en inversiones, bienes raíces de lujo y oportunidades comerciales en zonas exclusivas del país.",captured,catalog
gsi-2026-06-528,804582,GRUPO IBSA,06,01,528,CUCUTA,otro,,,http://www.celeusgroup.com,https://cloud.corferias.co/service/cat_exp/doc_detalle.cfm?id=52933,,"Celeus Group es la constructora más grande del oriente colombiano, con 35 años de experiencia desarrollando megaproyectos residenciales de alta valorización. Con el m² más rentable del país, nos consolidamos como líderes en el sector inmobiliario de la región. Actualmente, estamos construyendo dos desarrollos visionarios que redefinirán el concepto de inversión: Ciudad Viva y Ciudad Boreal, diseñados bajo el innovador modelo de “ciudad dentro de la ciudad”. Nuestra trayectoria nos respalda: más de tres décadas creando proyectos sostenibles, rentables e innovadores, que han hecho realidad los sueños de familias e inversionistas en todo el país.",captured,catalog
gsi-2026-08-247A,807823,PATALOES CONSTRUCCION Y DISEÑO,08,01,247A,BOGOTA D.C.,bogota,,"ESTRUTURACION, DISEÑO Y CONSTRUCCION DE CUALQUIER TIPO DE PROYECTO INMOBILIARIO.",http://www.grupopataloes.com,,,,captured,catalog
gsi-2026-05-112,827292,GRUPO SOLERIUM VIU GROUP,05,01,112,BOGOTA D.C.,bogota,,,,,,,captured,catalog
gsi-2026-07-144,813678,F&F PROPERTIES,07,01,144,PANAMA,internacional,vivienda,"X TheBuilding es un proyecto residencial moderno ubicado estratégicamente sobre la Vía Cincuentenario, con fácil acceso a Costa del Este, San Francisco y las principales vías de la ciudad, lo que lo convierte en una excelente opción para vivir o invertir. Ofrece apartamentos de 67 m2 y 90 m2, diseñados con distribuciones funcionales y contemporáneas, complementados con amenidades pensadas para el estilo de vida actual y en una zona con alto potencial de la valorización.",,,,,captured,catalog
gsi-2026-08-340,821275,ICONO URBANO S.A.,08,01,340,BOGOTA D.C.,bogota,vivienda,"Apartamentos ubicados en la ciudad de Bogotá, en diferentes áreas construidas, en zonas como Chico, Parkway y Centro",http://www.icono.com.co,https://cloud.corferias.co/service/cat_exp/doc_detalle.cfm?id=56011,,,captured,catalog
gsi-2026-05-113,827512,IKONSTRUIR SAS,05,01,113,BOGOTA D.C.,bogota,vivienda,VENTA DE DOS PROYECTOS DE APARTAMENTOS IKONA 167 Y SIETE 167,,,,,captured,catalog
gsi-2026-05-102,827163,INACAR,05,01,102,BOGOTA D.C.,bogota,,,http://www.inacar.com,,,,captured,catalog
gsi-2026-07-246,820140,REMAX INFINITY PANAMÁ,07,01,246,PANAMA,internacional,financiero;comercio;inversion;servicios,"Comercialización de proyectos inmobiliarios residenciales y de inversión en Panamá. Asesoría integral para compra de propiedades e inversión inmobiliaria. Proyectos en preventa, construcción y entrega inmediata. Propiedades para inversión con potencial de renta corta y renta tradicional. Asesoría financiera y acompañamiento en procesos hipotecarios para compradores extranjeros. Servicios de corretaje, administración de propiedades y gestión de inversiones inmobiliarias.",,https://cloud.corferias.co/service/cat_exp/doc_detalle.cfm?id=55554,,OFICINA NRO. 1 EN PANAMA DE BIENES RAICES,captured,catalog
gsi-2026-08-222A,807498,INGENAL,08,01,222A,BOGOTA D.C.,bogota,vis;no_vis;vivienda;inversion,"nuestros proyectos de Vivienda de Interés Social (VIS) y No VIS, ubicados estratégicamente en Bogotá, la Sabana de Bogotá y Cartagena, zonas con alto crecimiento, valorización y excelente proyección de inversión. Nos destacamos por nuestros diseños exclusivos, espacios funcionales y modernos que priorizan la iluminación natural, la distribución inteligente y el bienestar de las familias. Además, nuestros acabados de entrega marcan la diferencia: trabajamos con altos estándares de calidad para garantizar viviendas listas para disfrutar desde el primer día. En Ingenal no solo construimos apartamentos; construimos oportunidades, patrimonio y calidad de vida.",http://www.ingenal.com.co,,,,captured,catalog
gsi-2026-06-638,803087,INGENOVA ING,06,01,638,BOGOTA D.C.,bogota,,,https://ingenova.co,https://cloud.corferias.co/service/cat_exp/doc_detalle.cfm?id=55932,,Somos una empresa de construcción con proyectos en Cundinamarca y Boyacá,captured,catalog
gsi-2026-08-241A,823604,LOSDRIGUEL CONSTRUCCIONES SAS,08,01,241A,BOGOTA D.C.,bogota,vivienda,PROYECTOS DE VIVIENDA,http://www.ingeredes.com,,,,captured,catalog
gsi-2026-06-123,820195,BABEL INMOBILIARIA,06,01,123,BOGOTA D.C.,bogota,vivienda;servicios,INVENTARIO DE INMUEBLES EN VIVIENDA USADA A NIVEL NACIONAL,http://www.inmobiliariababel.com,,,,captured,catalog
gsi-2026-07-175,815780,GRUPO MIRO,07,01,175,DAVID,otro,,PROYECTOS INMOBILIARIOS Y RESIDENCIALES. PARQUE LOGISTICO UBICADO EN EL ÁREA OCCIDENTAL DEL PAÍS,,,,,captured,catalog
gsi-2026-07-257,818659,INMOBILIARIA CIELO AZUL,07,01,257,PANAMA,internacional,servicios,"Promoción de bienes Raíces en Panamá, Comunidad Paseo del Norte, Proyecto Residencial privado con unidades residenciales desde $260,000 hasta $495,000",,,,,captured,catalog
gsi-2026-06-140,823281,INMOBILIARIA RUBEN QUIROGA & CIA LTDA,06,01,140,BOGOTA D.C.,bogota,servicios,"ASESORIA JURIDICA, ALQUILER DE SALONES SOCIALES, CAFETERIAS Y PRODUCTOS DE PANADERIA Y PASTELERIA",http://www.rubenquiroga.com,https://cloud.corferias.co/service/cat_exp/doc_detalle.cfm?id=55617,,"La organización INMOBILIARIA RUBEN QUIROGA & CIA LTDA, fundada el 1 de Diciembre del año 1991, por su gerente propietario Doctor Ruben Quiroga Ortega, profesional en Derecho, egresado de la Universidad Libre de Colombia y especializado en Derecho Inmobiliario, trabaja bajo los principios rectores de trabajo, honestidad, responsabilidad y cumplimiento en sus obligaciones. Dentro de su gestión ha asesorado durante todos estos años y ha adquirido una alta experiencia que se refleja en el buen servicio hacia sus clientes.",captured,catalog
gsi-2026-06-121,817987,INMOBILIARIA SOLUCIONES INTEGRALES ISI,06,01,121,BOGOTA D.C.,bogota,vivienda;servicios,proyecto de Respira wellness Club casas campestres en Anapoima Venta de inmuebles usados y arriendo Ofrecer los servicios inmobiliarios en venta y arriendo.,,https://cloud.corferias.co/service/cat_exp/doc_detalle.cfm?id=55352,,"Inmobiliaria Soluciones Integrales es una empresa con más de 20 años de experiencia brindando soluciones inmobiliarias integrales. Nos especializamos en la venta y arriendo de inmuebles, comercialización de proyectos, asesoría en inversión, acompañamiento jurídico y arreglos locativos. Nos distinguimos por ofrecer un servicio cercano, personalizado y transparente, acompañando a nuestros clientes en cada etapa del proceso para garantizar decisiones seguras y exitosas. Nuestro compromiso es generar confianza, optimizar el valor de cada propiedad y construir relaciones duraderas basadas en la excelencia y el profesionalismo.",captured,catalog
gsi-2026-08-161B,826237,I PROMEXPORT SAS,08,01,161B,BOGOTA D.C.,bogota,vis;vivienda,APARTAMENTOS PARA VIVIENDA VIS,http://www.inversionespromexport.com,,,,captured,catalog
gsi-2026-07-214,815202,RI GROUP PANAMA,07,01,214,BOGOTA D.C.,bogota,,PROYECTOS INMOBILIARIOS,,https://cloud.corferias.co/service/cat_exp/doc_detalle.cfm?id=55522,,Compañía de promoción y desarrollo de proyectos inmobiliarios en Panamá,captured,catalog
gsi-2026-06-137,819782,CONSTRUCTORA BETHEL,06,01,137,IBAGUE,otro,financiero;comercio;vivienda;inversion;servicios,"La empresa exhibirá y promocionará el proyecto campestre Valle de Bethel, ofreciendo al público las diferentes alternativas de inversión y adquisición de bienes raíces dentro del proyecto, incluyendo: Lotes campestres urbanizados. Parcelas para construcción de vivienda campestre. Oportunidades de inversión inmobiliaria en un entorno natural y de valorización. Asesoría comercial personalizada para la adquisición de lotes. Información sobre planes de financiación y facilidades de pago. Acompañamiento en el proceso de compra, escrituración y legalización. Presentación de las características, beneficios y proyección de desarrollo del proyecto Valle de Bethel. Durante la feria se brindará atención personalizada a los visitantes, entrega de material informativo y orientación sobre las diferentes opciones disponibles para inversión, recreación y vivienda campestre.",https://bethel.com.co/,https://cloud.corferias.co/service/cat_exp/doc_detalle.cfm?id=55961,,"Inversiones y Construcciones Bethel S.A.S. es una empresa dedicada al sector de la construcción y al desarrollo inmobiliario, enfocada en la ejecución, promoción y desarrollo de proyectos ecoturisticos. Sus actividades comprenden la planeación, construcción, adecuación y comercialización de proyectos, así como la gestión de obras civiles y procesos asociados al desarrollo de terrenos e infraestructura. La compañía orienta su gestión al desarrollo de proyectos que generen valorización, bienestar y oportunidades de inversión, procurando altos estándares de calidad, cumplimiento y responsabilidad en cada una de sus etapas.",captured,catalog
gsi-2026-05-106,826318,INCOL SAS,05,01,106,BOGOTA D.C.,bogota,,,http://www.incol.com.co,,,,captured,catalog
gsi-2026-06-642,821983,Entorna Real Estate Group,06,01,642,BARRANQUILLA,barranquilla,vivienda,Alto Lago Residence Club y Villa Mediterráneo Beach Resort. Venta de Apartamentos.,,,,,captured,catalog
gsi-2026-06-333,804314,JARAMILLO MORA CONSTRUCTORA S.A.,06,01,333,CALI,cali,vivienda,Proyectos de casas y apartamentos nuevos.,http://www.jaramillomora.com,https://cloud.corferias.co/service/cat_exp/doc_detalle.cfm?id=55366,,,captured,catalog
gsi-2026-06-522,816954,JIMENEZ CONSTRUCTORES SAS,06,01,522,SANTA MARTA,otro,inversion,Construcción de edificios residenciales e inversión.,http://www.jimenezconstructores.com,,,,captured,catalog
gsi-2026-08-370A,827273,JPI,08,01,370A,ENVIGADO,otro,vivienda;inversion,Ofreceremos oportunidades de inversión curadas de los mismos participantes de la feria de vivienda como un HUB de asesoría y resolución de dudas para las personas.,,,,,captured,catalog
gsi-2026-07-221,824562,"KMA ELECTRICOS Y CONSTRUCCION, S.R.L.",07,01,221,HIGUEY,otro,,,,https://cloud.corferias.co/service/cat_exp/doc_detalle.cfm?id=55341,,"KMA Developments es una desarrolladora inmobiliaria dominicana especializada en proyectos residenciales premium en Cap Cana, combinando diseño contemporáneo, alta calidad y ubicaciones estratégicas con oportunidades de inversión y valorización.",captured,catalog
gsi-2026-07-163,822823,CAJA DE AHORROS,07,01,163,PANAMA,internacional,financiero,1. FACILIDADES INTERINAS ESTRUCTURADAS POR CAJA DE AHORROS/ SINDICADAS 2.FINANCIAMIENTO DE PRESTAMOS PERSONALES PARA EXTRANJEROS 3. APERTURA DE CUENTAS DE AHORRO PARA EXTRANJEROS,,https://cloud.corferias.co/service/cat_exp/doc_detalle.cfm?id=56041,,"Somos una entidad bancaria líder en Panamá, fundada en 1934, con una trayectoria sólida al servicio del desarrollo económico y social del país. Misión: Brindamos soluciones financieras con eficiencia, tecnología, y un equipo comprometido. Visión: Bancarizar a Panamá con Innovación y Rentabilidad. Valores: Integridad, Empatía, Calidad, Transparencia, Proactividad.",captured,catalog
gsi-2026-06-434,806447,GERENCIAR,06,01,434,PEREIRA,eje_cafetero,vis;no_vis;vivienda,Exhibición de proyectos inmobiliarios - Casas - apartamentos VIS y NO VIS,http://www.gerenciar.com.co,,,,captured,catalog
gsi-2026-06-213,825585,LONJA DE BOGOTÁ,06,01,213,BOGOTA D.C.,bogota,,"Afiliaciones, avalúos y normas urbanísticas, asesoría jurídica en temas inmobiliarios y cursos de capacitación.",http://www.lonjadebogota.org.co,,,,captured,catalog
gsi-2026-07-122,817287,GLP PROPERTIES,07,01,122,PANAMA,internacional,,Propertie Management,,,,,captured,catalog
gsi-2026-08-235A,810749,M&M CONSTRUTORA,08,01,235A,BOGOTA D.C.,bogota,vis;vivienda,"Viviendas VIS y/o terrenos urbanos con áreas de: 90m2 (6x15), 105m2 (7x15), 128m2 (8x16), todas se entregan con servicios públicos como: alcantarillado y acueducto, gas domiciliario, redes eléctricas ademas de vias de acceso pavimentadas en concreto.",,,,,captured,catalog
gsi-2026-06-117,820988,MAKRO CONSTRUCCIONES S.A.S.,06,01,117,BOGOTA D.C.,bogota,,,http://www.makroinmobiliaria.com.co,,,,captured,catalog
gsi-2026-07-139,820130,RE/MAX 507 Panamá,07,01,139,PANAMA,internacional,,Promoción y venta de bienes inmuebles en Panamá,,https://cloud.corferias.co/service/cat_exp/doc_detalle.cfm?id=56118,,"Empresa especializada en servicio , soluciones y negocios inmobiliarios. Somos de la Red Global RE/MAX . Con Licencia Juridica 1498 . Comercialización de Bienes Raíces Nuevos, usados , reposeídos , alquileres y administración de Propiedades. Empresas Partner en Derecho Migratorio, Tributario , Inmobiliario y las Doce Principlaes desarrolladoras de Panamá.",captured,catalog
gsi-2026-06-2,"803835, 818249",MARJALIZO,06,01,"2, 115",BOGOTA D.C.,bogota,,"PROYECTOS INMOBILIARIOS EN PANAMA, KYTE, ALIVE, EUPHORIA, PASSAGE, DIECI, BELIVING,HUB, AWA, CORE",http://www.marjalizo.com,https://cloud.corferias.co/service/cat_exp/doc_detalle.cfm?id=55097,,"Con más de 35 años de experiencia, en MARJALIZO somos un holding inmobiliario de referencia en Ciudad de Panamá. Ofrecemos soluciones integrales en conceptualización, comercialización y asesoría de inversión, facilitando también la residencia en Panamá. Nos distinguimos por nuestra calidad, confianza y un enfoque proactivo para hacer realidad tus objetivos.",captured,catalog
gsi-2026-06-502,"806081, 806290",URBANIZADORA MARVAL S.A.S,"06, 08",01,"06-502, 08-5",BOGOTA D.C.,bogota,vivienda,VENTA DE APARTAMENTOS Y CASAS,http://www.marval.com.co,,,,captured,catalog
gsi-2026-07-201,820428,MASTER BROKERS,07,01,201,PANAMA,internacional,,,,https://cloud.corferias.co/service/cat_exp/doc_detalle.cfm?id=56075,,"Trabajamos junto al desarrollador desde el inicio para definir el posicionamiento, los precios y la estrategia comercial de cada proyecto. Además, lideramos su marketing y ventas, acompañando a clientes y corredores durante todo el proceso.",captured,catalog
gsi-2026-ALB-33A,806449,OSPINA Y CIA,ALB,01,33A,BOGOTA D.C.,bogota,,,http://www.emezetasa.com,,,,captured,catalog
gsi-2026-05-G101,"821072, 821066",METROCUADRADO,05,01,"G101, G110",BOGOTA D.C.,bogota,,,http://www.metrocuadrado.com,,,,captured,catalog
gsi-2026-06-240,804235,MIPKO CONSTRUCTORES SAS,06,01,240,SANTA MARTA,otro,,,http://www.mipko.co,,,,captured,catalog
gsi-2026-06-618,804752,CONSTRUCTORA MODULARQ,06,01,618,FACATATIVA,otro,vivienda,Estaremos exhibiendo casas prefabricas en estructura metálica y muros en concreto,http://www.constructoramodularq.com,,,,captured,catalog
gsi-2026-06-101,804258,MONTEAZUL GROUP,06,01,101,IBAGUE,otro,comercio;vivienda,"COMERCIALIAZACION DE LOTES CAMPESTRES UBICADOS EN PRADO E IBAGUE TOLIMA, COMERCIALIZACION DE LA CONSTRUCCION DE CASAS CAMPESTRES UBICADOS EN LOS MISMOS PROYECTOS, COMERCIALIZACION DE ACCIONES PARA PROYECTOS UBICADOS EN PRADO E IBAGUE TOLIMA",,https://cloud.corferias.co/service/cat_exp/doc_detalle.cfm?id=54982,,"MonteAzul Group es una desarrolladora inmobiliaria colombiana con proyectos de vivienda, turismo e inversión en Ibagué y Prado, Tolima. Creamos oportunidades para vivir, disfrutar e invertir, integrando naturaleza, bienestar, innovación y valorización. Ofrecemos lotes, desarrollos campestres y proyectos con amenidades, respaldo técnico y planeación responsable para construir patrimonio y calidad de vida.",captured,catalog
gsi-2026-06-630,803706,TORREN GRUPO EMPRESARIAL,06,01,630,IBAGUE,otro,vis;no_vis,OCOBO ETAPA II - NO VIS TORREON DE VARSOVIA - NO VIS TORREON QUINTA AVENIDA ETAPA VI - VIS CIUDAD TORREON EL SAUCE - VIS/VIP CIUIDAD TORREON EL SAMAN - VIS/VIP,http://www.grupotorreon.com.co,https://cloud.corferias.co/service/cat_exp/doc_detalle.cfm?id=55995,,"Constructora Torreón, conoce los mejores proyectos de vivienda en Ibagué. Hacemos realidad tu sueño de tener vivienda propia.",captured,catalog
gsi-2026-06-134,809524,MEJIA VILLEGAS CONSTRUCTORES,06,01,134,CARTAGENA,cartagena,,,http://www.mejiavillegas.com,,,,captured,catalog
gsi-2026-06-540,806451,NASSAR CONSTRUCTORES,06,01,540,FUSAGASUGA,internacional,,,http://www.baguafusagasuga.com,,,,captured,catalog
gsi-2026-07-152,819078,THE GROUP,07,01,152,PANAMA,internacional,,,,https://cloud.corferias.co/service/cat_exp/doc_detalle.cfm?id=56109,,Promotora de proyectos inmobiliarios,captured,catalog
gsi-2026-06-314A,806928,SERENA DEL MAR,06,01,314A,BOGOTA D.C.,bogota,vivienda,"Concepto de ciudad que ofrece vivienda en forma de apartamentos, lotes y casas",http://www.serenadelmar.com.co,https://cloud.corferias.co/service/cat_exp/doc_detalle.cfm?id=55050,,"Serena del Mar es un nuevo concepto de ciudad que promueve la calidad de vida a través de un desarrollo urbanístico de 1.000 hectáreas, ubicado al norte de Cartagena y construido junto a las constructoras más importantes del país. Es una ciudad planeada para el futuro, integrada a la naturaleza y ofrece oportunidades para todos. Hoy, más de 8.000 residentes hacen parte de esta comunidad en crecimiento, junto con el Hospital Serena del Mar, la Terminal de Transporte del Norte y el edificio de la Universidad de los Andes, conformando lo que llamamos Mi Comunidad: el corazón vivo de La Ciudad Soñada.",captured,catalog
gsi-2026-08-167B,813751,LA BRETAÑA,08,01,167B,ARMENIA,eje_cafetero,vis;vivienda,"Proyecto de vivienda de interés social VIS, en la ciudad de Armenia. Conjunto cerrado de apartamentos VIS",,https://cloud.corferias.co/service/cat_exp/doc_detalle.cfm?id=54944,,"Es una ciudad dentro de la ciudad, hecha para la gente, con hogares felices, recreación y deporte para los niños, entretenimiento y cultura para los adultos y ambientalmente sostenible. Se convierte en un nuevo estilo de vida, un proyecto que cambiará la forma de estructurar, diseñar y construir en la región.",captured,catalog
gsi-2026-07-149,811625,NOHORA GOMEZ PA,07,01,149,WINTER PARK,otro,vivienda,"Finca raiz en los Estados Unidos, especificamente más en Florida, Construcción nueva y casa de reventa",,https://cloud.corferias.co/service/cat_exp/doc_detalle.cfm?id=53329,,"PRO GROUP Real Estate Partners es un equipo de bienes raíces de lujo ubicado en Florida, Estados Unidos, especializado en acompañar a inversionistas nacionales e internacionales, así como a compradores premium, en procesos de compra, venta, inversión y reubicación. La compañía es liderada por Nohora Gómez, colombiana nacida en Bogotá y apasionada por la arquitectura, el diseño y el sector inmobiliario. Nohora estudió Arquitectura en la Universidad Piloto de Colombia y hace más de 20 años decidió mudarse a Estados Unidos con el propósito de crecer profesionalmente y ayudar a más familias latinas a cumplir el sueño de tener vivienda propia e invertir de manera segura en el mercado americano.",captured,catalog
gsi-2026-08-138A,823419,NOVELTY,08,01,138A,DUBAI,otro,,"Dubai real estate investment opportunities, including off-plan and ready properties, residential and commercial projects, along with property sales, and investment advisory services for international investors",,https://cloud.corferias.co/service/cat_exp/doc_detalle.cfm?id=55742,,DUBAI REAL ESTATE COMPANY,captured,catalog
gsi-2026-06-350,808173,NT GROUP CONSTRUCTORA,06,01,350,BOGOTA D.C.,bogota,vivienda,"APARTAMENTOS Y CASAS PARA VENTA EN BOGOTA Y CHIA, ESTRATO 4 Y 5",,,,,captured,catalog
gsi-2026-07-102,819355,OCEAN PARADISE SRL,07,01,102,HIGUEY,otro,financiero;vivienda;servicios,"Promoción y exhibición de proyectos de apartamentos residenciales, venta de unidades habitacionales, asesoría inmobiliaria, planes de financiamiento, reservas de inmuebles y servicios de construcción y desarrollo de proyectos habitacionales",,,,,captured,catalog
gsi-2026-06-639,"803280, 822051",OIKONOMOS SOLUCIONES FINANCIERAS,06,01,"639, 643",BOGOTA D.C.,bogota,financiero;vivienda,"PRODUCTOS FINANCIEROS, CREDITOS PERSONA NATURAL PARA ADQUISICIÓN DE VIVIENDA",http://www.oikonomos.com.co,,,,captured,catalog
gsi-2026-ALB-33,"804835, 804841, 804839, 804837",OSPINAS Y CIA S.A.,ALB,01,"33, 33B, 33C, 33D",BOGOTA D.C.,bogota,,,https://ospinas.com.co/,,,,captured,catalog
gsi-2026-05-119,827681,OTACC S.A.S,05,01,119,BUCARAMANGA,otro,vis;comercio;vivienda,Comercialización de 2 proyectos de vivienda VIS ubicados en Zipaquirá con entregas del 2007 hasta el 2029,http://www.otacc.com,,,,captured,catalog
gsi-2026-08-365,824606,GRUPO VALOR,08,01,365,BOGOTA D.C.,bogota,vivienda,Venta de unidades habitacionales (vivienda),http://www.33dc.com.co,,,,captured,catalog
gsi-2026-06-444,807444,Torreon de Varsovia Club Residencial,06,01,444,BOGOTA D.C.,bogota,vivienda;inversion,"Torreón de Varsovia Club Residencial es un proyecto desarrollado por PPM Inversiones S.A., el único club residencial en Ibagué, conformado por 13 torres de apartamentos. En esta oportunidad presentaremos nuestra oferta actual correspondiente a las Torres 7, 8, 9, 10, 11 y Torre Premium, con apartamentos de diferentes tipologías, áreas y plazos de entrega, diseñados tanto para quienes buscan vivienda propia como para quienes desean invertir con alta proyección de valorización.",,,,,captured,catalog
gsi-2026-06-8A,"815620, 825322",PRODESA,"06, 07",01,"06-8A, 07-2",BOGOTA D.C.,bogota;otro,,Proyectos inmobiliarios,http://www.prodesa.com,,,,captured,catalog
gsi-2026-07-264,814384,ALTAMAR DEVELOPMENTS,07,01,264,PANAMA,internacional,financiero;vivienda;inversion;servicios,"Promovemos proyectos inmobiliarios residenciales, principalmente apartamentos modernos diseñados para familias e inversionistas, con ubicaciones estratégicas y alta valorización. Ofrecemos asesoría integral durante todo el proceso de compra, incluyendo opciones de financiamiento preferencial, acompañamiento legal y facilidades de pago. Además, brindamos orientación personalizada para inversión inmobiliaria, destacando oportunidades de retorno y crecimiento patrimonial",,,,,captured,catalog
gsi-2026-05-107,826844,GRUPO PROCIN,05,01,107,BOGOTA D.C.,bogota,vivienda,Proyectos de Vivienda de Interés Social en la ciudad de Bogotá y en Girardot,,,,,captured,catalog
gsi-2026-05-103,827704,PROMOTORA CONDOMINIO BARU SERENITY BAY CLUB SAS,05,01,103,CARTAGENA,cartagena,inversion,"Somos un exclusivo condominio en Barú que combina inversión, naturaleza y un estilo de vida de lujo. Un proyecto diseñado para quienes buscan alta valorización, acceso al mar y experiencias únicas en el Caribe colombiano.",,,,,captured,catalog
gsi-2026-08-159A,825608,PROMOTORA MAR DE AZUR CONDOMINIO DE PLAYA S.A.S,08,01,159A,CARTAGENA,cartagena,turismo;vivienda,Exhibición de lotes campestre,,,,,captured,catalog
gsi-2026-06-346A,819886,PROMOTORA MERAKI CARTAGENA S.A.S.,06,01,346A,BOGOTA D.C.,bogota,,,https://www.merakiclub.com/,,,,captured,catalog
gsi-2026-06-241,813693,PROMOTORA ZOKU BAY,06,01,241,CARTAGENA,cartagena,,,,,,,captured,catalog
gsi-2026-08-131B,825051,CONASEL INGENIERIA SAS,08,01,131B,CARTAGENA,cartagena,vivienda;inversion,"Durante la feria se presentará el portafolio de proyectos inmobiliarios de la empresa, conformado por: Colinas de Verdenzza: Proyecto de vivienda ubicado en la Zona Norte de Cartagena, diseñado para ofrecer espacios modernos, funcionales y de alta calidad, en un sector de gran crecimiento y valorización. Giardam: Proyecto residencial ubicado en el barrio Castillogrande, Cartagena, que se destaca por su ubicación privilegiada, diseño contemporáneo y una propuesta orientada a quienes buscan exclusividad, confort y valorización. Belaria: Proyecto residencial ubicado en el barrio Castillogrande, Cartagena, concebido para ofrecer un estilo de vida exclusivo, con una excelente ubicación, diseño arquitectónico de alto nivel y una atractiva oportunidad de inversión",,https://cloud.corferias.co/service/cat_exp/doc_detalle.cfm?id=55478,,"Conasel Ingeniería S.A.S. es una empresa colombiana especializada en la gerencia y desarrollo de proyectos de construcción, brindando soluciones integrales para el sector inmobiliario, desde la planeación y diseño hasta la construcción y comercialización de proyectos.",captured,catalog
gsi-2026-07-158,818309,PROPI,07,01,158,PANAMA,internacional,,"Corretaje de bienes raíces con mas de 250 proyectos de pre-venta en Panamá, El Salvador, y Guatemala, y Asesoría Legal y Jurídica",,,,,captured,catalog
gsi-2026-05-4,827693,PROSEGUR VIGILANCIA Y SEGURIDAD PRIVADA LTDA,05,01,4,BOGOTA D.C.,bogota,,*Panel *Teclado *Pircam *Magnético *Tags,http://www.prosegur.com,,,,captured,catalog
gsi-2026-06-114,803284,PROYECTAMOS Y EDIFICAMOS,06,01,114,BOGOTA D.C.,bogota,vis;no_vis;vivienda,APARTAMENTOS VI - NO VIS - LOTES - VILLAS CAMPESTRES,http://www.proyectamosyedificamos.com,https://cloud.corferias.co/service/cat_exp/doc_detalle.cfm?id=52316,,"Desde nuestros inicios, centramos la actividad principal en la promoción, comercialización y construcción de proyectos inmobiliarios, obras de urbanismo, obras civiles, centros comerciales y otras, abarcando todos los niveles socioeconómicos. Proyectamos y Edificamos S.A.S ejecuta estudios, diseños y construcción de obras de Ingeniería, promueve, comercializar y desarrollar proyectos inmobiliarios, contribuyendo con el desarrollo social y económico de Colombia, utilizando excelentes recursos físicos, tecnológicos y contando con personal altamente productivo. Con nuestra labor buscamos satisfacer necesidades de todos nuestros clientes, es así como cubrimos los requerimientos de vivienda de las diferentes clases sociales y creamos mejores entornos urbanos con la construcción de obras civiles que generan bienestar general.",captured,catalog
gsi-2026-07-113,817621,LUX PRIME,07,01,113,DUBAI,otro,servicios,Promociones inmobiliarias en Dubai - Bienes Raíces de Lujo,,,,,captured,catalog
gsi-2026-06-440,804237,Constructora Residere,06,01,440,BOGOTA D.C.,bogota,comercio;vivienda,"Comercialización de proyectos de vivienda en Bogotá, Barranquilla y Santa Marta.",http://www.residere.com,,,,captured,catalog
gsi-2026-05-115,827696,RIVERCITY,05,01,115,BARRANQUILLA,barranquilla,vivienda,Proyecto de apartamentos.,https://korner.com.co/en/propiedad/rivercity,,,,captured,catalog
gsi-2026-06-627,815757,RV INMOBILIARIA,06,01,627,BOGOTA D.C.,bogota,comercio;servicios,"Servicios de venta de inmuebles usados en Bogotá Servicios de avalúos a nivel nacional Venta de proyecto nuevo en el centro de Bogotá, sobre planos. Comercializacion y administración de inmuebles corporativos Servicio de afianzadora en Bogotá",http://www.rvinmobiliaria.com,https://cloud.corferias.co/service/cat_exp/doc_detalle.cfm?id=55021,,,captured,catalog
gsi-2026-06-544,805426,S & G CONSTRUCCTORES SAS,06,01,544,IBAGUE,otro,comercio;vivienda;inversion;servicios,"Desarrollo y comercialización de proyectos inmobiliarios y urbanísticos, enfocados en vivienda, inversión y lotes urbanizados. Asesoría integral en inversión inmobiliaria, acompañamiento comercial y estructuración de proyectos con alto potencial de valorización.- Proyectos inmobiliarios de vivienda nueva (apartamentos y construcción de casas).- Lotes urbanizados y proyectos de desarrollo urbano.- Proyectos de inversión inmobiliaria con enfoque en valorización y rentabilidad.- Asesoría personalizada para compra de vivienda e inversión en bienes raíces.",https://sygconstrucctores.com/,,,,captured,catalog
gsi-2026-06-141,804239,CONSTRUCINMOBILIARIA,06,01,141,GIRARDOT,otro,vivienda;servicios,"LOTES CAMPESTRES A 10 MIN DE LA CIUDAD DE GIRARDOT CUNDINAMARCA, EN URBANIZACION Y CONDOMINIOS",http://construcinmobiliaria.com,,,,captured,catalog
gsi-2026-07-270,807371,SUCASA,07,01,270,PANAMA,internacional,vivienda,VIVIENDA,,,,,captured,catalog
gsi-2026-08-350,821864,SUMAS CONSTRUCCIONES S.A.S.,08,01,350,FLORIDABLANCA,otro,,Construcción de edificos residenciales,http://www.sumas.com.co,,,,captured,catalog
gsi-2026-06-634,806491,SUVIVENDA INTERNACIONAL,06,01,634,DORAL,otro,financiero;vivienda,"Somos un bróker especializado en acompañar a colombianos residentes en el exterior en la adquisición de crédito hipotecario, leasing habitacional y otras alternativas de financiación para vivienda en Colombia. Somo bróker aliado de Bancolombia, Davivienda, Banco de Occidente, Banco de Bogotá y Banco Unión",,https://cloud.corferias.co/service/cat_exp/doc_detalle.cfm?id=54880,,,captured,catalog
gsi-2026-06-614,804563,TERRA DESARROLLADORA SAS,06,01,614,BOGOTA D.C.,bogota,comercio;vivienda;inversion,"Comercialización de lotes urbanizados y campestres, con acompañamiento integral en el proceso de compra, asesoría personalizada, información sobre proyectos inmobiliarios, formas de pago y opciones de inversión.",http://www.terradesarrolladora.co,https://cloud.corferias.co/service/cat_exp/doc_detalle.cfm?id=52166,,"En Terra Desarrolladora, nos dedicamos a transformar terrenos en oportunidades, ofreciendo soluciones integrales para el desarrollo urbano y campestre. Con más de dos décadas de experiencia, brindamos confianza y solidez a nuestros clientes. Nuestro compromiso es garantizar inversiones seguras y rentables mediante un enfoque transparente, profesional y cercano, acompañando a cada cliente en todo el proceso y asegurando proyectos bien planificados en ubicaciones estratégicas.",captured,catalog
gsi-2026-08-233,809604,TRAZOS URBANOS,08,01,233,MEDELLIN,medellin,,,,,,,captured,catalog
gsi-2026-08-201A,806330,TU ESPACIO YA SAS,08,01,201A,BARRANQUILLA,barranquilla,,"Proyectos inmobiliarios en la ciudad de Barranquilla desarrollados por las constructora conaco, Malecon 72 y Consutructores unidos",http://www.tuespacioya.com,,,,captured,catalog
gsi-2026-06-646,825589,UMBRA GROUP SAS,06,01,646,BOGOTA D.C.,bogota,,Desarrollo de experiencias,http://umbraint.com/,,,,captured,catalog
gsi-2026-06-647,825624,BANCO AGRARIO DE COLOMBIA,06,01,647,BOGOTA D.C.,bogota,financiero,BANCO AGRARIO DE COLOMBIA : Opciones de financiamiento,https://universalcomunicaciones.com/,,,,captured,catalog
gsi-2026-08-234A,801870,URAKI CONSTRUCTORA,08,01,234A,BOGOTA D.C.,bogota,,,https://constructora.uraki.com.co/,,,,captured,catalog
gsi-2026-06-122,806453,URBANSA,06,01,122,BOGOTA D.C.,bogota,,Proyectos inmobiliarios,http://www.urbansa.co,,,,captured,catalog
gsi-2026-07-127,819360,VALOR DEVELOPMENT,07,01,127,PANAMA,internacional,,PROYECTOS RESIDENCIALES,,,,,captured,catalog
gsi-2026-06-146,811733,VILLAS DE SANTA BARBARA CONSTRUCCIONES S A S,06,01,146,BOGOTA D.C.,bogota,vis;vivienda,"PROYECTO DE VIVIENDA 89 APARTAESTUDIOS 9 PISOS Y TERRAZAS AREAS 18,8 M2 A 21,6 M2 (vis)",http://wwww.apartaestudiosaltus124.com,https://cloud.corferias.co/service/cat_exp/doc_detalle.cfm?id=55316,,,captured,catalog
gsi-2026-08-140,822125,CONNECTA INGENIERÍA SAS,08,01,140,SANTA MARTA,otro,,,,,,,captured,catalog
gsi-2026-08-260,824433,VIVELO GE S.A.S.,08,01,260,CARTAGENA,cartagena,,,,https://cloud.corferias.co/service/cat_exp/doc_detalle.cfm?id=55900,,"Viveloo Inmobiliaria es una firma boutique especializada en inversión inmobiliaria en el Caribe colombiano. Acompañamos a nuestros inversionistas con una asesoría estratégica y personalizada para construir patrimonio con confianza. En Corferias presentamos Punta Marea, un exclusivo proyecto de lotes con salida directa al mar ,en Barú, Cartagena, ubicación privilegiada y alto potencial de valorización.",captured,catalog
gsi-2026-07-164,809513,COLDWELL BANKER REALTY,07,01,164,MIAMI,internacional,financiero;inversion;servicios,"Proyectos de Propiedades de Nuevas construcciones en la florida y mercado inmobiliario en general, ademas todos lo relacionado al mercado de inversión inmobiliaria en referencia a la Asesoría legal y corporativa, asesoría contable y préstamos hipotecarios a inversionistas extranjeros.",,https://cloud.corferias.co/service/cat_exp/doc_detalle.cfm?id=55470,,"Bienes Raices de la Florida, USA",captured,catalog
gsi-2026-06-543,820138,ZKL OCEAN BAY RESORT,06,01,543,MEDELLIN,medellin,,Productos Inmobiliarios,,,,,captured,catalog
